artillery-test-user-01,YBTYA8
artillery-test-user-02,YGR68W
artillery-test-user-03,YHOLVX
artillery-test-user-04,YIT65V
artillery-test-user-05,YLII0C
artillery-test-user-06,YOBO6Z
artillery-test-user-07,YTAMQN
artillery-test-user-08,YW8AGY
artillery-test-user-09,YWJ1PD
artillery-test-user-10,YZBNV8
artillery-test-user-11,YZZ82N
artillery-test-user-12,Z1R99W
artillery-test-user-13,Z2VWBC
artillery-test-user-14,Z9UCXA
artillery-test-user-15,ZA2V1W
artillery-test-user-16,ZB0X8U
artillery-test-user-17,ZJ7LHH
artillery-test-user-18,ZK7A6B
artillery-test-user-19,ZXQHQ0
artillery-test-user-20,ZZXODY